,reply_comment_date,reply_comment_time,reply_comment_text,reply_comment_id,reply_username,reply_user_id,brand,post_date,post_time,post_text,post_id
0,2017-03-07,2017-03-07 00:23:13,Yeah! The 777 is back.... thank goodness !!!! I'll take it as long as it lasts . It was a great way to travel with young kids and back seat entertainment üëç,1581432665220060_1582700998426560,Jill Palombaro,1107902295988536,RDU,2017-03-05,22:33:42,The @americanair B-777 is now year round to #London @heathrow_airport starting today! The plane has seat-back entertainment and #wifi. Help us say thank you #American! #avgeek #rdu #boeing777 #uk #usa,145265145503493_1581432665220060
1,2017-03-06,2017-03-07 02:25:36,"Hey Raleigh-Durham International Airport (RDU), here are my photos from today's landing taken on top of the parking garage.  https://www.facebook.com/media/set/?set=a.10155051990144547.1073741934.500029546&type=1&l=5b5f3127e5",1581432665220060_1581593685203958,Christopher Pippen,10155057211954547,RDU,2017-03-05,22:33:42,The @americanair B-777 is now year round to #London @heathrow_airport starting today! The plane has seat-back entertainment and #wifi. Help us say thank you #American! #avgeek #rdu #boeing777 #uk #usa,145265145503493_1581432665220060
2,2017-03-06,2017-03-07 00:17:00,Congratulations RDU!!!,1581432665220060_1581509498545710,Charlotte/Douglas International Airport Overlook,120221124739914,RDU,2017-03-05,22:33:42,The @americanair B-777 is now year round to #London @heathrow_airport starting today! The plane has seat-back entertainment and #wifi. Help us say thank you #American! #avgeek #rdu #boeing777 #uk #usa,145265145503493_1581432665220060
3,2017-03-06,2017-03-07 12:22:12,"Almost anything would be better than the one they were flying - actually booked flights for this summer through JFK just to avoid flying on it! Now, if their staff could be trained on how to positively interact with neurodiverse children I would consider flying with them again! üò¨",1581432665220060_1581990128497647,Emily Wilkins,10212033720176180,RDU,2017-03-05,22:33:42,The @americanair B-777 is now year round to #London @heathrow_airport starting today! The plane has seat-back entertainment and #wifi. Help us say thank you #American! #avgeek #rdu #boeing777 #uk #usa,145265145503493_1581432665220060
4,2017-03-06,2017-03-07 01:12:45,I have already bought our tickets for non stop to #LHR for April! I can't wait to be in a better plane! Thanks #RDU and #American,1581432665220060_1581545908542069,Burak Eryigit,10155055452526505,RDU,2017-03-05,22:33:42,The @americanair B-777 is now year round to #London @heathrow_airport starting today! The plane has seat-back entertainment and #wifi. Help us say thank you #American! #avgeek #rdu #boeing777 #uk #usa,145265145503493_1581432665220060
5,2017-03-05,2017-03-07 23:45:31,"Finally! I've been avoiding the RDU-LHR flight all this time because of the lack of setback entertainment, even if it meant connecting through JFK *shudder*",1581432665220060_1581489528547707,Rich Murray,10155217395928755,RDU,2017-03-05,22:33:42,The @americanair B-777 is now year round to #London @heathrow_airport starting today! The plane has seat-back entertainment and #wifi. Help us say thank you #American! #avgeek #rdu #boeing777 #uk #usa,145265145503493_1581432665220060
6,2017-03-05,2017-03-07 22:57:18,Now all we need is Virgin Atlantic RDU to LHR and my life would be complete!!,1581432665220060_1581451508551509,Caron Beesley,10155389322039341,RDU,2017-03-05,22:33:42,The @americanair B-777 is now year round to #London @heathrow_airport starting today! The plane has seat-back entertainment and #wifi. Help us say thank you #American! #avgeek #rdu #boeing777 #uk #usa,145265145503493_1581432665220060
7,2017-03-06,2017-03-07 02:57:12,Thank you America air lines delta air line from RD to France about Germany and Australia dubai  Qatar we want trip from RD U  to around the world again thank you,1581432665220060_1581612748535385,Farid Muti,10211646672699909,RDU,2017-03-05,22:33:42,The @americanair B-777 is now year round to #London @heathrow_airport starting today! The plane has seat-back entertainment and #wifi. Help us say thank you #American! #avgeek #rdu #boeing777 #uk #usa,145265145503493_1581432665220060
8,2017-03-06,2017-03-07 00:58:49,I heard AA was going to fly an MD-80 on this route...RDU-LHRüòú,1581432665220060_1581537178542942,Robert O Smith,10210899061464140,RDU,2017-03-05,22:33:42,The @americanair B-777 is now year round to #London @heathrow_airport starting today! The plane has seat-back entertainment and #wifi. Help us say thank you #American! #avgeek #rdu #boeing777 #uk #usa,145265145503493_1581432665220060
9,2017-03-06,2017-03-07 00:41:52,Don't expect the 777 to last with loads as horrible as they are. Average load is 90 people out of 212.,1581432665220060_1581527755210551,Chris Murray,10104808865392122,RDU,2017-03-05,22:33:42,The @americanair B-777 is now year round to #London @heathrow_airport starting today! The plane has seat-back entertainment and #wifi. Help us say thank you #American! #avgeek #rdu #boeing777 #uk #usa,145265145503493_1581432665220060
10,2017-03-06,2017-03-07 20:46:06,It won't be docking at C-16 like it used to. I remember working for American Eagle and watching it come in.,1581432665220060_1582518071778186,Kevin Dunham,10154324770736570,RDU,2017-03-05,22:33:42,The @americanair B-777 is now year round to #London @heathrow_airport starting today! The plane has seat-back entertainment and #wifi. Help us say thank you #American! #avgeek #rdu #boeing777 #uk #usa,145265145503493_1581432665220060
11,2017-03-05,2017-03-07 23:52:17,Great news travel on this at least twice a year,1581432665220060_1581493868547273,Maxine Gardner,10211245997239937,RDU,2017-03-05,22:33:42,The @americanair B-777 is now year round to #London @heathrow_airport starting today! The plane has seat-back entertainment and #wifi. Help us say thank you #American! #avgeek #rdu #boeing777 #uk #usa,145265145503493_1581432665220060
12,2017-03-06,2017-03-07 02:05:25,There's my bird! :D,1581432665220060_1581578165205510,Savannah Ford,10208798428741434,RDU,2017-03-05,22:33:42,The @americanair B-777 is now year round to #London @heathrow_airport starting today! The plane has seat-back entertainment and #wifi. Help us say thank you #American! #avgeek #rdu #boeing777 #uk #usa,145265145503493_1581432665220060
13,2017-03-06,2017-03-07 15:11:22,Love this ‚úàÔ∏è,1581432665220060_1582146615148665,Barbie Matukaitis Cromer,10212512127146367,RDU,2017-03-05,22:33:42,The @americanair B-777 is now year round to #London @heathrow_airport starting today! The plane has seat-back entertainment and #wifi. Help us say thank you #American! #avgeek #rdu #boeing777 #uk #usa,145265145503493_1581432665220060
14,2017-03-06,2017-03-07 19:05:40,Leslie Felton Allman and Stacey Tracy... the Queen wanted to make sure y'all arrive comfortably!,1581432665220060_1582419591788034,Josh Allman,10212888224949229,RDU,2017-03-05,22:33:42,The @americanair B-777 is now year round to #London @heathrow_airport starting today! The plane has seat-back entertainment and #wifi. Help us say thank you #American! #avgeek #rdu #boeing777 #uk #usa,145265145503493_1581432665220060
15,2017-03-06,2017-03-07 12:47:52,"Fantastic news, I have a trip coming up soon üòÉ",1581432665220060_1582010378495622,Angie Crosby,10154427412023634,RDU,2017-03-05,22:33:42,The @americanair B-777 is now year round to #London @heathrow_airport starting today! The plane has seat-back entertainment and #wifi. Help us say thank you #American! #avgeek #rdu #boeing777 #uk #usa,145265145503493_1581432665220060
16,2017-03-05,2017-03-07 23:26:18,Will be on this plane in July. Thanks,1581432665220060_1581474705215856,Linda Kirchner Griffin,10211156576982426,RDU,2017-03-05,22:33:42,The @americanair B-777 is now year round to #London @heathrow_airport starting today! The plane has seat-back entertainment and #wifi. Help us say thank you #American! #avgeek #rdu #boeing777 #uk #usa,145265145503493_1581432665220060
17,2017-03-06,2017-03-07 12:04:58,May we will be on this one in april,1581432665220060_1581958498500810,Carolyn Traylor Styron,850189618457249,RDU,2017-03-05,22:33:42,The @americanair B-777 is now year round to #London @heathrow_airport starting today! The plane has seat-back entertainment and #wifi. Help us say thank you #American! #avgeek #rdu #boeing777 #uk #usa,145265145503493_1581432665220060
18,2017-03-05,2017-03-07 23:52:53,Exciting. I have an upcoming trip,1581432665220060_1581494178547242,Sam Griggs,1686199041395696,RDU,2017-03-05,22:33:42,The @americanair B-777 is now year round to #London @heathrow_airport starting today! The plane has seat-back entertainment and #wifi. Help us say thank you #American! #avgeek #rdu #boeing777 #uk #usa,145265145503493_1581432665220060
19,2017-03-06,2017-03-07 01:17:40,Great news RDU üéâüéâüéâ,1581432665220060_1581548648541795,Naomi Osborne,10208919750567373,RDU,2017-03-05,22:33:42,The @americanair B-777 is now year round to #London @heathrow_airport starting today! The plane has seat-back entertainment and #wifi. Help us say thank you #American! #avgeek #rdu #boeing777 #uk #usa,145265145503493_1581432665220060
20,2017-03-07,2017-03-07 02:20:07,Thank goodness! I'm so ready.,1581432665220060_1582817835081543,Danette Tew,184671345358975,RDU,2017-03-05,22:33:42,The @americanair B-777 is now year round to #London @heathrow_airport starting today! The plane has seat-back entertainment and #wifi. Help us say thank you #American! #avgeek #rdu #boeing777 #uk #usa,145265145503493_1581432665220060
21,2017-03-07,2017-03-07 00:50:56,Yay‚úàÔ∏è‚úàÔ∏è‚úàÔ∏è‚úàÔ∏è,1581432665220060_1582720971757896,Lisa Brannon,502140716840083,RDU,2017-03-05,22:33:42,The @americanair B-777 is now year round to #London @heathrow_airport starting today! The plane has seat-back entertainment and #wifi. Help us say thank you #American! #avgeek #rdu #boeing777 #uk #usa,145265145503493_1581432665220060
22,2017-03-06,2017-03-07 16:28:20,Marissa Williams üôåüèº FINALLY seat back entertainment!,1581432665220060_1582262418470418,Rebecca O'Neill,10104117285209349,RDU,2017-03-05,22:33:42,The @americanair B-777 is now year round to #London @heathrow_airport starting today! The plane has seat-back entertainment and #wifi. Help us say thank you #American! #avgeek #rdu #boeing777 #uk #usa,145265145503493_1581432665220060
23,2017-03-06,2017-03-07 17:28:37,üòä,1581432665220060_1582336628462997,Ellen Armstrong,10208085918857942,RDU,2017-03-05,22:33:42,The @americanair B-777 is now year round to #London @heathrow_airport starting today! The plane has seat-back entertainment and #wifi. Help us say thank you #American! #avgeek #rdu #boeing777 #uk #usa,145265145503493_1581432665220060
24,2017-03-06,2017-03-07 00:25:12,üòä,1581432665220060_1581517355211591,Gavin Reid,10154470882912684,RDU,2017-03-05,22:33:42,The @americanair B-777 is now year round to #London @heathrow_airport starting today! The plane has seat-back entertainment and #wifi. Help us say thank you #American! #avgeek #rdu #boeing777 #uk #usa,145265145503493_1581432665220060
0,2017-03-03,2017-03-07 18:53:36,How does one get such a awesome Gig!,1578001845563142_1578783778818282,Thomas Biggs,1441123949251890,RDU,2017-03-03,02:50:42,Livin' on the edge... of the runway that is. Thanks @ipick4leafclovers_! #avgeek #avnerd #rdu #airport #grass,145265145503493_1578001845563142
